<?xml version="1.0" encoding="UTF-8"?>
<project-private xmlns="http://www.netbeans.org/ns/project-private/1">
    <editor-bookmarks xmlns="http://www.netbeans.org/ns/editor-bookmarks/2" lastBookmarkId="0"/>
    <open-files xmlns="http://www.netbeans.org/ns/projectui-open-files/2">
        <group>
            <file>file:/D:/1FEBYSEM3/1PROYEK%20MATKUL/PBO/New%20folder%20(2)/SistemManagementEventOrganizer/src/controller/RegisterController.java</file>
            <file>file:/D:/1FEBYSEM3/1PROYEK%20MATKUL/PBO/New%20folder%20(2)/SistemManagementEventOrganizer/src/MainApp.java</file>
            <file>file:/D:/1FEBYSEM3/1PROYEK%20MATKUL/PBO/New%20folder%20(2)/SistemManagementEventOrganizer/src/controller/ClientController.java</file>
            <file>file:/D:/1FEBYSEM3/1PROYEK%20MATKUL/PBO/New%20folder%20(2)/SistemManagementEventOrganizer/src/model/Event.java</file>
            <file>file:/D:/1FEBYSEM3/1PROYEK%20MATKUL/PBO/New%20folder%20(2)/SistemManagementEventOrganizer/src/controller/LoginController.java</file>
        </group>
    </open-files>
</project-private>
